category,tag,note
题材类,玄幻,
题材类,无限流,
题材类,校园,
题材类,星际,
题材类,末世,
题材类,都市,
题材类,官场,
题材类,异界,
题材类,灵异,
题材类,悬疑,
题材类,治愈系,
题材类,同人,
题材类,职场,
题材类,娱乐圈,
题材类,历史,
题材类,官配,
题材类,耽美官场,
题材类,近未来,
题材类,异界冒险,
题材类,科幻,
题材类,穿越,
题材类,仙侠,
题材类,修真,
题材类,现代都市,
题材类,幻想,
题材类,悬疑推理,
题材类,黑暗,
题材类,欢乐,
题材类,爱情,
题材类,友情,
题材类,灵魂,
题材类,宅斗,
设定类,穿书,
设定类,系统,
设定类,重生,
设定类,ABO,
设定类,哨向,
设定类,师徒,
设定类,双洁,
设定类,前世今生,
设定类,灵魂互换,
设定类,替身,
设定类,合约,
设定类,复仇,
设定类,逃婚,
设定类,快穿,
设定类,时间循环,
设定类,空间流,
设定类,反派重生,
设定类,变身,
设定类,修罗场,
设定类,打脸,
设定类,打脸升级,
设定类,交换身体,
设定类,同居,
设定类,义结金兰,
设定类,伪装情侣,
设定类,禁欲,
设定类,强制,
设定类,园区,
设定类,校园生活,
设定类,伙伴,
设定类,异能,
设定类,灵异调查,
设定类,战斗,
设定类,恋爱游戏,
设定类,养成,
设定类,双线,
设定类,晋江,
关系类,年上,
关系类,年下,
关系类,双强,
关系类,宿敌,
关系类,救赎,
关系类,互相养成,
关系类,互相攻略,
关系类,甜宠,
关系类,虐恋,
关系类,忠犬,
关系类,腹黑,
关系类,1v1,
关系类,1v多,
关系类,np,
关系类,ntr,
关系类,先虐后甜,
关系类,先甜后虐,
关系类,青梅竹马,
关系类,暗恋,
关系类,师徒,
关系类,兄弟,
关系类,同居,
关系类,好基友,
关系类,年下攻,
关系类,年上受,
关系类,痴情,
关系类,单恋,
关系类,反转,
关系类,互撩,
关系类,互虐,
关系类,试探,
关系类,误会,
关系类,回忆,
关系类,治疗,
关系类,温柔,
关系类,警告,
关系类,苏,
角色类,主攻,
角色类,主受,
角色类,攻受互换,
角色类,换攻,
角色类,换受,
角色类,双C,
角色类,强攻,
角色类,强受,
角色类,清冷,
角色类,温柔,
角色类,腹黑,
角色类,疯批,
角色类,禁欲,
角色类,事业脑,
角色类,毒舌,
角色类,绅士,
角色类,外冷内热,
角色类,傲娇,
角色类,病娇,
角色类,软攻,
角色类,硬受,
角色类,师尊,
角色类,师父,
角色类,玉面,
角色类,皇子,
角色类,总裁,
角色类,医生,
角色类,教授,
角色类,军人,
角色类,演员,
角色类,明星,
角色类,歌手,
角色类,律师,
角色类,警察,
角色类,特工,
角色类,作家,
角色类,画师,
角色类,游戏玩家,
角色类,黑帮老大,
角色类,王爷,
角色类,公子,
角色类,少爷,
角色类,少年,
角色类,男人,
角色类,魔王,
角色类,天师,
角色类,仙人,
角色类,武者,
角色类,拳师,
角色类,骑士,
角色类,侍从,
角色类,秘书,
角色类,开发者,
角色类,妖王,
角色类,诈术大师,
角色类,富二代,
角色类,贫民,
角色类,邻家,
角色类,王牌,
角色类,反派,
角色类,救赎者,
情绪类,酸涩,
情绪类,甜宠,
情绪类,压抑,
情绪类,治愈,
情绪类,高燃,
情绪类,虐心,
情绪类,爽文,
情绪类,慢热,
情绪类,沙雕,
情绪类,暗恋,
情绪类,撒糖,
情绪类,绝望,
情绪类,温馨,
情绪类,燃血,
情绪类,反转,
情绪类,沉重,
情绪类,轻松,
情绪类,疗愈,
情绪类,悬疑,
情绪类,焦虑,
情绪类,热血,
情绪类,心痛,
情绪类,暖心,
情绪类,感动,
情绪类,热辣,
情绪类,幽默,
情绪类,惊悚,
情绪类,大团圆,
情绪类,破镜重圆,
情绪类,惆怅,
结构类,群像,
结构类,单元剧,
结构类,慢热,
结构类,破镜重圆,
结构类,先婚后爱,
结构类,伪装恋人,
结构类,双主线,
结构类,多POV,
结构类,番外,
结构类,平行线,
结构类,回忆线,
结构类,并行叙事,
结构类,实验文,
结构类,短篇,
结构类,长篇,
结构类,轻小说风,
结构类,纯爱,
结构类,沙雕,
结构类,桥段,
结构类,剧情反转,
结构类,线索埋设,
结构类,闪回,
结构类,插叙,
结构类,章节跳跃,
结构类,信件体,
结构类,日记体,
结构类,主观视角,
结构类,客观视角,
时空背景类,古代,
时空背景类,现代,
时空背景类,民国,
时空背景类,未来,
时空背景类,架空,
时空背景类,平行世界,
时空背景类,穿梭,
时空背景类,次元,
时空背景类,异界,
时空背景类,都市,
时空背景类,架空历史,
时空背景类,近未来,
时空背景类,末世,
时空背景类,仙侠,
时空背景类,修仙,
时空背景类,种田,
时空背景类,官斗,
时空背景类,贵族,
时空背景类,末世生存,
时空背景类,高科技,
时空背景类,妖怪,
时空背景类,灵异,
时空背景类,隐市,
时空背景类,平行宇宙,
时空背景类,天庭,
时空背景类,魔界,
时间线类,少年期,
时间线类,成年期,
时间线类,中年期,
时间线类,前世今生,
时间线类,童年回忆,
时间线类,青春期,
时间线类,余生,
时间线类,后日谈,
时间线类,旧爱回归,
时间线类,年轮,
时间线类,学霸期,
时间线类,毕业,
时间线类,恋爱期,
时间线类,婚后,
时间线类,家庭,
时间线类,童年,
时间线类,成长,
时间线类,觉醒,
时间线类,时光倒流,
时间线类,重启,
时间线类,十年后,
时间线类,三年后,
参考扩展,高冷攻,
参考扩展,暖攻,
参考扩展,霸总,
参考扩展,学霸,
参考扩展,风流,
参考扩展,暗黑,
参考扩展,痞帅,
参考扩展,工具人,
参考扩展,忠实粉,
参考扩展,小狼狗,
参考扩展,冰山,
参考扩展,智商在线,
参考扩展,高智商,
参考扩展,豪门,
参考扩展,小甜饼,
参考扩展,破镜,
参考扩展,互怼,
参考扩展,黑化,
参考扩展,反套路,
参考扩展,日久生情,
参考扩展,情投意合,
参考扩展,虐渣,
参考扩展,心机,
参考扩展,纯真,
参考扩展,阴谋,
参考扩展,复仇者,
参考扩展,救赎者,
参考扩展,命定,
参考扩展,宿命,
参考扩展,年下攻,
参考扩展,年上受,
参考扩展,年下受,
参考扩展,年上攻,
参考扩展,年下攻攻,
参考扩展,提线木偶,
参考扩展,背叛,
参考扩展,暗黑系,
参考扩展,温柔向,
参考扩展,心机婊,
参考扩展,白切黑,
参考扩展,黑化攻,
参考扩展,白瘾受,
自定义补充,Tag1,
自定义补充,Tag2,
自定义补充,Tag3,
自定义补充,Tag4,
自定义补充,Tag5,
自定义补充,Tag6,
自定义补充,Tag7,
自定义补充,Tag8,
自定义补充,Tag9,
自定义补充,Tag10,
自定义补充,Tag11,
自定义补充,Tag12,
自定义补充,Tag13,
自定义补充,Tag14,
自定义补充,Tag15,
自定义补充,Tag16,
自定义补充,Tag17,
自定义补充,Tag18,
自定义补充,Tag19,
自定义补充,Tag20,
自定义补充,Tag21,
自定义补充,Tag22,
自定义补充,Tag23,
自定义补充,Tag24,
自定义补充,Tag25,
自定义补充,Tag26,
自定义补充,Tag27,
自定义补充,Tag28,
自定义补充,Tag29,
自定义补充,Tag30,
自定义补充,Tag31,
自定义补充,Tag32,
自定义补充,Tag33,
自定义补充,Tag34,
自定义补充,Tag35,
自定义补充,Tag36,
自定义补充,Tag37,
自定义补充,Tag38,
自定义补充,Tag39,
自定义补充,Tag40,
自定义补充,Tag41,
自定义补充,Tag42,
自定义补充,Tag43,
自定义补充,Tag44,
自定义补充,Tag45,
自定义补充,Tag46,
自定义补充,Tag47,
自定义补充,Tag48,
自定义补充,Tag49,
自定义补充,Tag50,
自定义补充,Tag51,
自定义补充,Tag52,
自定义补充,Tag53,
自定义补充,Tag54,
自定义补充,Tag55,
自定义补充,Tag56,
自定义补充,Tag57,
自定义补充,Tag58,
自定义补充,Tag59,
自定义补充,Tag60,
自定义补充,Tag61,
自定义补充,Tag62,
自定义补充,Tag63,
自定义补充,Tag64,
自定义补充,Tag65,
自定义补充,Tag66,
自定义补充,Tag67,
自定义补充,Tag68,
自定义补充,Tag69,
自定义补充,Tag70,
自定义补充,Tag71,
自定义补充,Tag72,
自定义补充,Tag73,
自定义补充,Tag74,
自定义补充,Tag75,
自定义补充,Tag76,
自定义补充,Tag77,
自定义补充,Tag78,
自定义补充,Tag79,
自定义补充,Tag80,
自定义补充,Tag81,
自定义补充,Tag82,
自定义补充,Tag83,
自定义补充,Tag84,
自定义补充,Tag85,
自定义补充,Tag86,
自定义补充,Tag87,
自定义补充,Tag88,
自定义补充,Tag89,
自定义补充,Tag90,
自定义补充,Tag91,
自定义补充,Tag92,
自定义补充,Tag93,
自定义补充,Tag94,
自定义补充,Tag95,
自定义补充,Tag96,
自定义补充,Tag97,
自定义补充,Tag98,
自定义补充,Tag99,
自定义补充,Tag100,
自定义补充,Tag101,
自定义补充,Tag102,
自定义补充,Tag103,
自定义补充,Tag104,
自定义补充,Tag105,
自定义补充,Tag106,
自定义补充,Tag107,
自定义补充,Tag108,
自定义补充,Tag109,
自定义补充,Tag110,
自定义补充,Tag111,
自定义补充,Tag112,
自定义补充,Tag113,
自定义补充,Tag114,
自定义补充,Tag115,
自定义补充,Tag116,
自定义补充,Tag117,
自定义补充,Tag118,
自定义补充,Tag119,
自定义补充,Tag120,
自定义补充,Tag121,
自定义补充,Tag122,
自定义补充,Tag123,
自定义补充,Tag124,
自定义补充,Tag125,
自定义补充,Tag126,
自定义补充,Tag127,
自定义补充,Tag128,
自定义补充,Tag129,
自定义补充,Tag130,
自定义补充,Tag131,
自定义补充,Tag132,
自定义补充,Tag133,
自定义补充,Tag134,
自定义补充,Tag135,
自定义补充,Tag136,
自定义补充,Tag137,
自定义补充,Tag138,
自定义补充,Tag139,
自定义补充,Tag140,
自定义补充,Tag141,
自定义补充,Tag142,
自定义补充,Tag143,
自定义补充,Tag144,
自定义补充,Tag145,
自定义补充,Tag146,
自定义补充,Tag147,
自定义补充,Tag148,
自定义补充,Tag149,
自定义补充,Tag150,
自定义补充,Tag151,
自定义补充,Tag152,
自定义补充,Tag153,
自定义补充,Tag154,
自定义补充,Tag155,
自定义补充,Tag156,
自定义补充,Tag157,
自定义补充,Tag158,
自定义补充,Tag159,
自定义补充,Tag160,
自定义补充,Tag161,
自定义补充,Tag162,
自定义补充,Tag163,
自定义补充,Tag164,
自定义补充,Tag165,
自定义补充,Tag166,
自定义补充,Tag167,
自定义补充,Tag168,
自定义补充,Tag169,
自定义补充,Tag170,
自定义补充,Tag171,
自定义补充,Tag172,
自定义补充,Tag173,
自定义补充,Tag174,
自定义补充,Tag175,
自定义补充,Tag176,
自定义补充,Tag177,
自定义补充,Tag178,
自定义补充,Tag179,
自定义补充,Tag180,
自定义补充,Tag181,
自定义补充,Tag182,
自定义补充,Tag183,
自定义补充,Tag184,
自定义补充,Tag185,
自定义补充,Tag186,
自定义补充,Tag187,
自定义补充,Tag188,
自定义补充,Tag189,
自定义补充,Tag190,
自定义补充,Tag191,
自定义补充,Tag192,
自定义补充,Tag193,
自定义补充,Tag194,
自定义补充,Tag195,
自定义补充,Tag196,
自定义补充,Tag197,
自定义补充,Tag198,
自定义补充,Tag199,
自定义补充,Tag200,
自定义补充,Tag201,
自定义补充,Tag202,
自定义补充,Tag203,
自定义补充,Tag204,
